"Name","Address","Department","Skill","Age","Start Date","Fulltime"
"Tom Jones","12 any street anywhere","Finance","Project Manager","35","27/11/2023","1"
"Fred Jones","14 any street anywhere","IT","Manager","32","30/11/2023",""
"Test person","12 anywhere","Facilities","Catering Assistant","25","18/11/2023","1"
"Fred Flintstone","14 Rumble street, Rubble town","Marketing","Manager","21","18/11/2023"
"Test name","test address","Human Resources","Manager","22","18/11/2023"
"test","test address","Marketing","Catering Assistant","34","18/11/2023"
"new person","new place","IT","Developer","18","18/11/2023"
"Fred","99 Any street anywhere, any town","Finance","Admin Assistant","21","18/11/2023"
"Tome Smithe","45 Any street, anywhere","Finance","Admin Assistant","34","21/01/2024","1"
"Jane Jones","34 Anywhere, Any place","Finance","DB Admin","21","21/01/2024",""
