"FirstName","Surname","Gender","DOB","Address","City","Region","Postcode","Home Telephone","Email","Age"
"Susan","Newman","Female","27/04/1998","1045 Green Avenve","East Kilbride","South Lanarkshire","EA2 9NZ","+44278079774","Susan.Newman9@gmail.com","24"
"Suzanne","Bailey","Female","14/12/1986","508 Campbell Street","Arbroath","Angus","AR32 8VX","+44239051833","Suzanne.Bailey1@gmail.com","35"
"Harry","Greene","Male","12/03/1981","418 Fairway","Airdrie","North Lanarkshire","AI39 6EI","+44270056036","Harry.Greene17@gmail.com","41"
"James","Boyle","Male","19/03/1982","144 Lincoln Road","Bellshill","North Lanarkshire","BE38 8IJ","+44258080930","James.Boyle14@gmail.com","40"
"Blair","Davidson","Male","22/09/2006","1051 Raeburn Place","Peterhead","Aberdeenshire","PE31 1IQ","+44505025542","Blair.Davidson2@gmail.com","16"
"Alistair","Brady","Male","10/11/1961","671 Park Road","Peterhead","Aberdeenshire","PE20 9ZY","+44278028543","Alistair.Brady13@gmail.com","60"
"Sophie","Bean","Female","30/01/1982","437 Green Avenve","East Kilbride","South Lanarkshire","EA27 5PV","+44224013721","Sophie.Bean18@gmail.com","40"
"Aiden","Levine","Male","17/11/1958","841 Woodland Close","Inverness","Highland","IN48 3WC","+44219070795","Aiden.Levine19@gmail.com","63"
"Amanda","Johnston","Female","31/03/1997","919 Oakfield Road","Erskine","Renfrewshire","ER19 2WS","+44534024528","Amanda.Johnston18@gmail.com","25"
"Ross","Maxwell","Male","26/08/1999","1123 Chapel Close","Hamilton","South Lanarkshire","HA34 9DG","+44468028570","Ross.Maxwell17@gmail.com","23"
"Hayley","Irwin","Female","24/04/1953","309 Yew Tree Close","Clydebank","West Dunbartonshire","CL48 6TI","+44242030784","Hayley.Irwin1@gmail.com","69"
"Amanda","Carrillo","Female","07/10/1969","293 West Road","Glenrothes","Fife","GL17 3HV","+44470032124","Amanda.Carrillo13@gmail.com","53"
"Chloe","Bishop","Female","02/05/2005","269 Saxon Way","Erskine","Renfrewshire","ER4 1EA","+44359066727","Chloe.Bishop10@gmail.com","17"
"Kai","Huerta","Male","06/06/2001","142 Campbell Street","Dumfries","Dumfries and Galloway","DU22 6JM","+44228061370","Kai.Huerta19@gmail.com","21"
"Erin","Navarro","Female","04/07/1987","624 Marlborough Close","Cambuslang","South Lanarkshire","CA11 4PG","+44493034338","Erin.Navarro15@gmail.com","35"
"Maya","Maldonado","Female","26/03/2000","820 Williamson Quadrant","Erskine","Renfrewshire","ER45 1XB","+44564083492","Maya.Maldonado18@gmail.com","22"
"Karen","Vargas","Female","21/12/1992","584 Hawthorn Way","Kilmarnock","East Ayrshire","KI16 6DH","+44232044855","Karen.Vargas15@gmail.com","29"
"Gregor","Gilmore","Male","31/07/1959","981 The Dell","Dundee","Dundee City","DU8 2KT","+44496037201","Gregor.Gilmore12@gmail.com","63"
"Catherine","Russo","Female","26/07/1984","363 Park Grove","Ayr","South Ayrshire","AY7 4VN","+44350076662","Catherine.Russo2@gmail.com","38"
