"ID","FirstName","Surname","Department","Division","Active","N","Loc","EmployeeNum"
"","Hannah","Lamb","Overseas dept","Outsourcing","1","test note","UK"
"","Caitlin","Cox","Southern dept","Petrochemical","","","UK"
"","Joanne","Odom","Inner City dept","Hotels","1","another note","UK"
"","Jessica","Rosario","Rural dept","Marketing","1","","US"
"","Kathryn","Sanders","Overseas dept","Outsourcing","1","","UK"
"","Scott","Briggs","Overseas dept","Computing","1","","UK"
"","Kai","Dean","Overseas dept","Hotels","1","","UK"
"","Maya","Grant","Rural dept","Hotels","1","","UK"
"","Donna","Barber","East Coast dept","Petrochemical","1","","UK"
"","Mary","Hamilton-Romero","Southern dept","Outsourcing","1","","US"
"","Euan","Goodwin","East Coast dept","Finance","1","","UK"
"","Alexander","Romero","East Coast dept","Computing","1","","UK"
"","Charles","Stephens","Northern dept","Petrochemical","1","","UK"
"","Max","Mckay","Inner City dept","Hotels","1","","UK"
"","Kerri","Braun","Northern dept","Petrochemical","1","","UK"
"","Emma","Hood","Inner City dept","Finance","1","","UK"
"","Caitlyn","Mercer","Rural dept","Petrochemical","1","","UK"
"","Megan","Pearson","Northern dept","Computing","1","","US"
"","Holly","Parrish","Overseas dept","Petrochemical","1","","UK"
"","Skye","Valencia","Northern dept","Marketing","1","","ES"
"","Jamie","Mcgee","Northern dept","Petrochemical","1","","UK"
"","Jordan","Green","Inner City dept","Marketing","","","UK"
"","George","Murray","Southern dept","Computing","1","","UK"
"","Fraser","Manning","Northern dept","Healthcare","1","","UK"
"","Zara","Campos","Inner City dept","Research","1","","UK"
"","Olivia","Khan","East Coast dept","Computing","","","UK"
"","Kenzie","Monroe","Northern dept","Research","1","","UK"
"","Jake","Mason","Inner City dept","Outsourcing","1","","UK"
"","Alexander","Berry","Rural dept","Outsourcing","1","","UK"
"","Sarah","Cohen","East Coast dept","Research","","","UK"
"","Patrick","Monroe","Overseas dept","Hotels","1","","UK"
"","Zara","Wallace","Overseas dept","Healthcare","1","","UK"
"","Sarah","Sherman","Southern dept","Computing","1","","UK"
"","Finn","Mclaughlin","Overseas dept","Healthcare","1","","UK"
"","David","Fischer","Inner City dept","Hotels","","","UK"
"","Sam","Hurst","Rural dept","Computing","1","","UK"
"","Michael","Rasmussen","East Coast dept","Finance",,"","UK""1"
"","Aaron","Mullins","East Coast dept","Petrochemical","1","","UK"
"","Holly","Duran","Northern dept","Research","1","","UK"
"","Kevin","Cooley","East Coast dept","Computing","1","","UK"
"","Carol","Weiss","Northern dept","Marketing","1","","UK"
"","Courtney","Sanchez","Inner City dept","Healthcare","1","","IT"
"","Jay","Booth","Inner City dept","Computing","1","","UK"
"","Rebecca","Curry","Southern dept","Finance","1","","UK"
"","Jennifer","Briggs","East Coast dept","Outsourcing","1","","UK"
"","Dean","Baker","Inner City dept","Petrochemical","1","","UK"
"","Sarah","Barry","Rural dept","Petrochemical","1","","UK"
"","Calvin","Klein","East Coast dept","Finance","1","","UK"
"","Evan","Tran","East Coast dept","Outsourcing","1","","UK"
"","Suzanne","Sims","Inner City dept","Research","1","","UK"
"","Finn","Proctor","Overseas dept","Research","1","","UK"
"","Joseph","Hampton","Northern dept","Research","1","","UK"
"","Jake","Solomon","Overseas dept","Research","1","","UK"
"","Danielle","Anthony","Overseas dept","Finance","","","UK"
"","Grant","Mcconnell","Southern dept","Petrochemical","1","","UK"
"","Logan","Snow","Northern dept","Healthcare","1","","UK"
"","Blair","Best","Overseas dept","Outsourcing","1","","UK"
"","Courtney","Flowers","Overseas dept","Research","1","","UK"
"","Georgia","Gonzalez","Rural dept","Computing","1","","UK"
"","Morag","Mueller","Inner City dept","Outsourcing","1","","UK"
